"NAME","B08133_001E","B08011_001E","B08011_007E","B08133_007E","B08011_008E","B08133_008E","B08011_009E","B08133_009E","B08011_010E","B08133_010E","B08011_011E","B08133_011E","B08011_012E","B08133_012E","B08011_013E","B08133_013E","B08006_002E","B08006_008E","B08006_016E","B19013_001E","B08006_001E","B08201_001E","B08201_002E","B08201_003E","B08201_004E","B08201_005E","B08201_006E","B25003_001E","B25003_002E","B25003_003E","B02001_001E","B02001_002E","B02001_003E","B02001_004E","B02001_005E","B02001_008E","B02008_001E","B02009_001E","B02010_001E","B02011_001E","B02012_001E","state","county","tract"
"Census Tract 27, Providence County, Rhode Island","47650","1671","328","10245","101","1725","116","2540","78","1350","132","2580","47","1000","51","1095","1196","146","46","30307","1760","1563","363","712","393","55","40","1563","381","1182","6068","3505","1220","6","180","456","3809","1364","297","209","0","44","007","002700"
"Census Tract 109, Providence County, Rhode Island","","1795","128","","61","","310","","75","","100","","65","","22","","1580","125","28","32757","1795","1422","349","702","233","80","58","1422","262","1160","5019","2850","656","86","26","553","3116","847","183","290","38","44","007","010900"
"Census Tract 111, Providence County, Rhode Island","","1662","252","","183","","206","","23","","66","","9","","9","","1414","47","0","29744","1677","1258","355","589","256","32","26","1258","290","968","3895","1058","619","0","12","174","1149","714","26","62","132","44","007","011100"
"Census Tract 122, Providence County, Rhode Island","","3671","678","","552","","761","","164","","243","","45","","10","","3624","0","32","98539","3842","2635","183","566","1067","592","227","2635","1953","682","7427","6672","0","0","665","90","6762","56","42","699","0","44","007","012200"
"Census Tract 126.02, Providence County, Rhode Island","","3670","650","","549","","304","","113","","334","","176","","41","","3628","0","42","76623","3719","3284","229","1181","1203","436","235","3284","2471","813","7547","7201","26","0","157","123","7324","109","22","157","18","44","007","012602"
"Census Tract 147, Providence County, Rhode Island","","3340","574","","387","","381","","150","","241","","113","","20","","2938","373","29","41830","3387","2944","516","1295","752","258","123","2944","1206","1738","7919","5709","634","108","428","584","5948","1061","108","445","28","44","007","014700"
"Census Tract 150, Providence County, Rhode Island","","2564","475","","171","","373","","138","","243","","65","","53","","2422","30","0","62946","2570","1633","107","622","651","182","71","1633","1061","572","4597","2811","1005","0","121","276","2983","1198","70","152","0","44","007","015000"
"Census Tract 156, Providence County, Rhode Island","","1284","95","","257","","62","","75","","90","","6","","44","","1206","49","0","54375","1284","913","167","375","236","57","78","913","432","481","2125","1633","200","0","36","227","1778","358","68","36","32","44","007","015600"
"Census Tract 164, Providence County, Rhode Island","49045","1963","263","6680","191","4145","207","6795","119","1975","180","5130","67","660","0","-666666666","1868","77","0","37566","1963","1670","200","984","346","111","29","1670","534","1136","4214","1569","1341","0","76","481","1877","1796","98","76","0","44","007","016400"
"Census Tract 166, Providence County, Rhode Island","","948","162","","95","","102","","20","","24","","26","","0","","900","29","0","52907","948","662","37","332","202","72","19","662","263","399","1848","1020","418","48","11","41","1045","434","48","11","0","44","007","016600"
"Census Tract 178, Providence County, Rhode Island","","967","72","","26","","110","","0","","28","","104","","38","","871","5","39","23875","968","1001","288","365","317","7","24","1001","367","634","2094","1746","174","0","0","46","1792","200","20","0","0","44","007","017800"
"Census Tract 179, Providence County, Rhode Island","","1417","149","","105","","119","","38","","18","","55","","17","","1323","20","0","32448","1447","1403","389","663","241","50","60","1403","186","1217","3170","2341","507","0","60","168","2509","607","0","128","0","44","007","017900"
"Census Tract 182, Providence County, Rhode Island","","1570","155","","210","","109","","36","","110","","76","","15","","1466","0","49","52649","1580","1123","91","576","307","122","27","1123","418","705","3250","2336","330","31","385","168","2474","446","83","385","0","44","007","018200"
"Census Tract 114.03, Providence County, Rhode Island","92290","3668","490","12365","567","13865","357","6350","87","1410","351","6170","133","2345","0","-666666666","3563","0","98","86346","3723","2780","93","905","1252","388","142","2780","2158","622","7144","6454","87","0","343","177","6586","200","10","397","0","44","007","011403"
"Census Tract 15, Providence County, Rhode Island","","1642","299","","304","","150","","164","","104","","20","","0","","1541","84","17","60938","1657","996","63","402","358","156","17","996","616","380","3243","1497","428","55","471","236","1706","574","183","471","27","44","007","001500"
"Census Tract 113.01, Providence County, Rhode Island","","2419","322","","359","","335","","163","","161","","0","","11","","2364","45","0","84150","2435","1819","112","562","762","220","163","1819","1418","401","4796","4410","193","0","0","24","4434","193","24","0","0","44","007","011301"
"Census Tract 114.01, Providence County, Rhode Island","","4405","659","","693","","657","","343","","393","","18","","16","","4266","104","15","113250","4615","3415","269","756","1568","616","206","3415","2807","608","9131","8640","2","0","343","146","8786","22","126","343","0","44","007","011401"
"Census Tract 118, Providence County, Rhode Island","","3195","666","","589","","272","","107","","156","","0","","165","","3128","67","0","47035","3339","2623","255","942","952","336","138","2623","1485","1138","7136","5354","1048","0","164","441","5659","1443","41","210","0","44","007","011800"
"Census Tract 8, Providence County, Rhode Island","","1795","108","","197","","196","","171","","162","","98","","109","","810","221","52","34850","2081","1951","951","834","157","9","0","1951","245","1706","4595","2679","546","93","807","245","2853","690","129","873","41","44","007","000800"
"Census Tract 34, Providence County, Rhode Island","","2081","202","","409","","502","","351","","125","","102","","0","","1805","139","39","178235","2272","1806","110","521","934","241","0","1806","1566","240","4510","3986","2","2","353","156","4123","2","2","500","86","44","007","003400"
"Census Tract 105.01, Providence County, Rhode Island","48830","2110","299","7415","271","6045","242","3935","116","2855","145","1875","52","2100","28","280","1927","110","20","57946","2150","1807","198","679","696","175","59","1807","1269","538","4606","3500","685","27","52","186","3677","827","69","63","0","44","007","010501"
"Census Tract 103, Providence County, Rhode Island","","1637","190","","250","","297","","125","","106","","67","","20","","1572","19","32","37246","1716","1674","351","593","545","134","51","1674","905","769","3786","3016","373","0","0","361","3297","469","86","93","21","44","007","010300"
"Census Tract 114.02, Providence County, Rhode Island","","2173","337","","537","","262","","9","","119","","30","","27","","2102","50","0","117955","2278","1462","41","262","715","356","88","1462","1384","78","3938","3780","1","0","104","53","3833","1","0","104","8","44","007","011402"
"Census Tract 121.02, Providence County, Rhode Island","50860","2216","337","8395","298","5435","355","7920","69","1165","48","1130","61","2425","47","690","2159","39","8","54957","2264","1941","127","899","687","202","26","1941","1091","850","4351","3701","193","16","166","35","3736","202","16","192","0","44","007","012102"
"Census Tract 129, Providence County, Rhode Island","","2488","595","","248","","61","","15","","144","","57","","0","","2278","15","93","73684","2515","1994","145","598","914","218","119","1994","1075","919","5069","4859","1","0","91","80","4939","22","21","129","0","44","007","012900"
"Census Tract 135, Providence County, Rhode Island","51640","2413","275","5180","247","4460","394","6550","229","5400","121","2530","121","3285","61","2000","2108","150","36","65107","2536","1839","132","746","701","213","47","1839","944","895","4654","3267","463","14","403","314","3516","579","26","583","0","44","007","013500"
"Census Tract 137.02, Providence County, Rhode Island","","1553","440","","158","","159","","114","","119","","49","","0","","1431","86","15","69821","1580","1115","34","465","378","188","50","1115","772","343","3159","2451","121","0","57","268","2550","317","15","159","128","44","007","013702"
"Census Tract 143, Providence County, Rhode Island","","2345","539","","279","","277","","93","","59","","251","","120","","2174","0","9","72273","2421","1990","242","683","780","206","79","1990","1415","575","4997","4140","30","0","587","161","4216","30","0","613","85","44","007","014300"
"Census Tract 110, Providence County, Rhode Island","","2612","328","","152","","138","","91","","79","","66","","18","","2402","134","11","34944","2633","1861","350","919","414","145","33","1861","441","1420","6024","2601","537","39","0","395","2974","843","61","22","22","44","007","011000"
"Census Tract 117.02, Providence County, Rhode Island","44765","2101","330","7600","236","4700","269","6040","269","4705","112","1580","96","1175","85","1380","2059","1","41","80179","2154","1499","18","394","659","231","197","1499","1234","265","4209","3835","122","0","72","84","3919","187","0","91","24","44","007","011702"
"Census Tract 123, Providence County, Rhode Island","","3607","663","","433","","357","","257","","138","","94","","42","","3510","48","0","60066","3654","2581","94","995","1016","287","189","2581","1815","766","6982","6492","254","1","39","101","6593","342","1","52","0","44","007","012300"
"Census Tract 125, Providence County, Rhode Island","","2109","240","","118","","416","","90","","102","","17","","33","","2064","19","0","51035","2327","2413","241","1237","708","137","90","2413","1128","1285","4837","4216","224","31","18","135","4351","263","81","64","0","44","007","012500"
"Census Tract 126.01, Providence County, Rhode Island","29750","1599","165","4470","204","3775","112","2215","153","3205","43","785","86","1385","30","110","1010","10","28","87969","1785","669","13","175","344","132","5","669","557","112","4379","3576","212","13","352","166","3718","222","65","415","20","44","007","012601"
"Census Tract 127.01, Providence County, Rhode Island","","2314","436","","352","","180","","159","","183","","9","","0","","2244","0","7","96409","2330","1796","233","336","798","351","78","1796","1448","348","4868","4593","68","0","84","2","4595","68","2","84","0","44","007","012701"
"Census Tract 128.01, Providence County, Rhode Island","","2255","416","","127","","310","","4","","103","","0","","16","","2222","0","24","66591","2549","2096","192","651","584","418","251","2096","1508","588","5579","5318","238","0","0","23","5341","261","0","0","0","44","007","012801"
"Census Tract 130.01, Providence County, Rhode Island","","1855","239","","145","","134","","44","","73","","72","","7","","1800","15","0","92857","2010","1158","19","198","472","310","159","1158","1083","75","3392","3246","9","0","15","111","3357","28","0","83","0","44","007","013001"
"Census Tract 130.02, Providence County, Rhode Island","","4207","921","","498","","360","","115","","156","","31","","81","","4069","17","67","86833","4263","2828","144","677","1206","512","289","2828","2292","536","8127","7329","96","0","332","275","7535","290","69","413","0","44","007","013002"
"Census Tract 131.01, Providence County, Rhode Island","80655","2517","230","9315","303","8945","333","9015","188","4430","88","2035","95","1740","42","1110","2470","34","13","88961","2585","1795","27","479","693","341","255","1795","1570","225","4982","4783","27","8","0","154","4937","39","136","14","0","44","007","013101"
"Census Tract 140, Providence County, Rhode Island","","3023","398","","368","","235","","76","","228","","83","","17","","2929","45","49","72726","3075","2284","91","992","966","194","41","2284","1801","483","6360","4393","583","90","748","133","4486","659","103","765","0","44","007","014000"
"Census Tract 144, Providence County, Rhode Island","","1692","256","","271","","362","","161","","146","","8","","0","","1640","52","0","80720","1795","1727","86","764","657","197","23","1727","1400","327","3536","3237","26","0","96","95","3321","79","11","138","0","44","007","014400"
"Census Tract 170, Providence County, Rhode Island","","2417","477","","118","","272","","89","","151","","37","","8","","2353","37","0","69063","2425","1714","57","737","686","181","53","1714","1211","503","4312","3477","228","0","210","128","3561","322","0","244","0","44","007","017000"
"Census Tract 151, Providence County, Rhode Island","","2087","368","","93","","129","","148","","235","","57","","22","","1786","219","22","36027","2118","1710","389","757","363","174","27","1710","526","1184","4685","1712","1459","0","91","522","1977","1881","173","120","68","44","007","015100"
"Census Tract 154, Providence County, Rhode Island","","1066","149","","46","","137","","33","","13","","30","","6","","954","36","37","46250","1072","842","127","414","225","46","30","842","186","656","2367","1243","417","12","66","207","1367","536","83","66","0","44","007","015400"
"Census Tract 160, Providence County, Rhode Island","45445","1764","200","6800","185","4200","31","400","60","1205","181","3955","31","1270","0","-666666666","1613","24","85","46908","1784","1536","161","883","475","0","17","1536","384","1152","3454","2016","850","95","17","164","2032","947","196","17","0","44","007","016000"
"Census Tract 168, Providence County, Rhode Island","","1514","153","","224","","147","","71","","20","","25","","0","","1441","16","0","52171","1560","1183","66","429","482","156","50","1183","730","453","3101","2461","192","42","34","171","2632","318","49","34","9","44","007","016800"
"Census Tract 169, Providence County, Rhode Island","","929","181","","122","","143","","26","","100","","8","","0","","856","52","8","83833","940","710","18","227","365","89","11","710","604","106","1682","1606","55","0","0","21","1620","76","7","0","0","44","007","016900"
"Census Tract 174, Providence County, Rhode Island","","1597","199","","151","","89","","33","","14","","0","","22","","1553","7","0","37332","1653","1591","321","535","606","121","8","1591","526","1065","4411","2625","444","0","510","471","2957","639","57","712","0","44","007","017400"
"Census Tract 28, Providence County, Rhode Island","","2610","390","","93","","231","","147","","80","","0","","38","","2498","112","0","41136","2656","2213","528","737","756","96","96","2213","841","1372","6395","2895","2219","74","0","37","2895","2256","111","0","140","44","007","002800"
"Census Tract 157, Providence County, Rhode Island","","1517","165","","321","","180","","50","","64","","53","","0","","1448","37","15","66300","1539","1306","104","589","469","117","27","1306","915","391","3263","2962","75","2","153","33","2995","75","2","153","0","44","007","015700"
"Census Tract 107.02, Providence County, Rhode Island","60285","2171","349","10225","271","8265","234","4740","181","3220","165","3150","65","2885","0","-666666666","2089","61","21","76174","2244","1687","58","594","743","200","92","1687","1402","285","3964","3747","24","0","36","144","3805","128","86","76","0","44","007","010702"
"Census Tract 115, Providence County, Rhode Island","75925","2876","416","11485","388","8295","354","10805","189","4720","366","8010","136","2835","48","1285","2779","41","9","64769","2963","2568","323","987","949","215","94","2568","1186","1382","6542","5942","93","0","308","95","6037","149","4","343","0","44","007","011500"
"Census Tract 139, Providence County, Rhode Island","","1462","237","","315","","180","","113","","44","","40","","22","","1422","21","0","59770","1524","1476","116","775","455","36","94","1476","945","531","2877","2454","12","0","361","0","2454","12","0","361","0","44","007","013900"
"Census Tract 180, Providence County, Rhode Island","","999","50","","8","","91","","31","","71","","35","","49","","911","0","13","24615","1001","1428","538","545","303","13","29","1428","130","1298","2838","2079","327","0","207","39","2118","327","39","207","0","44","007","018000"
"Census Tract 163, Providence County, Rhode Island","","1755","123","","182","","181","","97","","132","","6","","47","","1703","52","0","70750","1778","1108","57","388","514","115","34","1108","888","220","3000","1518","968","0","44","298","1768","1025","25","51","16","44","007","016300"
"Census Tract 13, Providence County, Rhode Island","","1767","194","","160","","575","","83","","173","","42","","0","","1522","65","22","52531","1969","1401","173","664","474","78","12","1401","425","976","3933","1966","415","0","250","41","1999","423","10","271","0","44","007","001300"
"Census Tract 102, Providence County, Rhode Island","","3577","470","","649","","769","","117","","0","","85","","0","","3196","302","47","54058","3618","2635","382","996","959","167","131","2635","1330","1305","7162","5214","669","8","225","580","5605","1138","19","225","31","44","007","010200"
"Census Tract 142, Providence County, Rhode Island","23905","1094","142","3725","148","2585","207","3885","62","625","38","645","32","975","16","805","1063","14","12","93427","1143","809","10","281","429","65","24","809","704","105","5188","3190","694","61","270","288","3360","859","221","314","29","44","007","014200"
"Census Tract 146, Providence County, Rhode Island","","2955","449","","318","","477","","321","","194","","87","","68","","2859","25","33","89329","3116","2380","14","627","1109","471","159","2380","2246","134","6580","5887","100","0","320","254","6141","281","0","393","0","44","007","014600"
"Census Tract 132.02, Providence County, Rhode Island","","3292","644","","347","","640","","53","","122","","193","","0","","3292","0","0","94978","3373","2223","0","468","867","571","317","2223","1960","263","5704","5553","31","0","52","68","5621","54","0","97","45","44","007","013202"
"Census Tract 137.01, Providence County, Rhode Island","","2367","342","","269","","240","","188","","143","","171","","22","","2174","80","27","62756","2467","1718","98","669","787","93","71","1718","975","743","4369","3474","279","37","364","79","3504","328","86","373","30","44","007","013701"
"Census Tract 138, Providence County, Rhode Island","","2991","396","","585","","411","","88","","144","","52","","9","","2879","61","17","83398","2991","1863","108","630","710","237","178","1863","1384","479","5031","4152","427","0","27","329","4481","562","165","48","0","44","007","013800"
"Census Tract 171, Providence County, Rhode Island","","1958","249","","119","","217","","96","","99","","129","","11","","1886","30","0","41880","2004","1657","222","586","653","149","47","1657","759","898","4433","2757","447","0","77","186","2884","536","74","115","30","44","007","017100"
"Census Tract 181, Providence County, Rhode Island","","1196","148","","108","","85","","30","","73","","32","","37","","931","44","141","43375","1216","1016","118","564","273","61","0","1016","186","830","2740","1855","254","3","60","360","2182","490","53","60","0","44","007","018100"
"Census Tract 184, Providence County, Rhode Island","60675","2810","586","14865","254","4940","281","5470","294","7035","287","3595","243","3400","0","-666666666","2736","11","33","50924","2851","2457","471","1073","568","217","128","2457","1102","1355","6217","4546","428","289","536","136","4615","473","371","549","0","44","007","018400"
"Census Tract 176, Providence County, Rhode Island","","1068","98","","68","","28","","37","","45","","18","","23","","817","103","52","35938","1098","950","207","385","240","100","18","950","230","720","2898","1499","582","24","115","370","1782","753","274","115","0","44","007","017600"
"Census Tract 177, Providence County, Rhode Island","","2108","303","","182","","162","","19","","81","","11","","32","","1950","29","68","67514","2126","1457","63","419","711","175","89","1457","980","477","3642","3243","115","0","170","42","3285","147","0","170","0","44","007","017700"
"Census Tract 183, Providence County, Rhode Island","","694","63","","48","","56","","13","","0","","17","","22","","645","16","0","24335","712","747","201","335","182","29","0","747","127","620","1645","1121","241","8","15","152","1258","380","14","15","0","44","007","018300"
"Census Tract 1.02, Providence County, Rhode Island","","2170","421","","202","","201","","76","","46","","172","","85","","2003","150","17","49444","2281","1792","205","853","604","98","32","1792","840","952","5447","3162","541","20","368","410","3424","884","184","397","0","44","007","000102"
"Census Tract 6, Providence County, Rhode Island","","518","5","","84","","41","","83","","0","","0","","0","","482","10","9","36471","535","530","63","343","111","13","0","530","218","312","1711","413","829","8","14","19","427","833","13","19","5","44","007","000600"
"Census Tract 7, Providence County, Rhode Island","","734","41","","79","","93","","87","","22","","22","","31","","705","9","0","18802","745","941","318","402","146","75","0","941","124","817","2395","765","1009","11","23","153","807","1132","60","46","7","44","007","000700"
"Census Tract 145.01, Providence County, Rhode Island","","2462","346","","477","","502","","169","","253","","28","","27","","2382","25","17","124074","2591","1634","32","135","922","399","146","1634","1593","41","5098","4378","434","34","209","14","4392","434","34","223","12","44","007","014501"
"Census Tract 155, Providence County, Rhode Island","62125","2391","461","12480","366","5955","98","2050","134","5070","101","1800","76","2350","31","1060","2203","117","18","64183","2404","1642","279","658","444","181","80","1642","851","791","4144","2604","505","13","251","292","2857","735","24","375","0","44","007","015500"
"Census Tract 159, Providence County, Rhode Island","","1977","213","","209","","153","","178","","103","","0","","0","","1923","40","0","57813","2106","1303","6","652","483","130","32","1303","511","792","3584","2525","632","38","45","160","2668","718","90","53","52","44","007","015900"
"Census Tract 2, Providence County, Rhode Island","","2264","235","","247","","374","","286","","7","","100","","54","","1907","330","0","39640","2375","2068","330","920","757","61","0","2068","737","1331","6741","2463","1619","27","464","505","2909","2111","126","477","0","44","007","000200"
"Census Tract 3, Providence County, Rhode Island","","2839","305","","472","","266","","93","","66","","118","","0","","2493","189","8","37854","3288","2373","504","923","665","266","15","2373","609","1764","7225","3224","1331","318","310","62","3271","1368","348","316","15","44","007","000300"
"Census Tract 12, Providence County, Rhode Island","","1416","163","","64","","132","","55","","135","","190","","0","","1142","152","71","37616","1503","1249","252","747","239","11","0","1249","237","1012","3792","1205","638","38","184","211","1395","846","44","184","0","44","007","001200"
"Census Tract 14, Providence County, Rhode Island","","2722","171","","88","","573","","38","","71","","16","","60","","2183","326","15","35960","2925","2171","478","1322","317","32","22","2171","287","1884","7668","2486","1734","249","568","714","2555","1884","335","1034","0","44","007","001400"
"Census Tract 23, Providence County, Rhode Island","","2091","295","","266","","467","","199","","132","","109","","26","","1887","67","0","62841","2182","1836","212","660","742","222","0","1836","1061","775","4296","3291","460","0","288","94","3339","506","18","344","20","44","007","002300"
"Census Tract 26, Providence County, Rhode Island","","992","256","","118","","61","","0","","65","","26","","15","","855","54","0","29367","1038","1171","354","515","221","81","0","1171","250","921","2835","1341","646","27","150","155","1418","764","39","253","0","44","007","002600"
"Census Tract 36.02, Providence County, Rhode Island","35515","1977","115","2470","137","2830","123","2805","140","1665","199","2640","127","1700","88","1035","691","146","41","119821","2277","605","43","295","167","63","37","605","357","248","5601","3983","353","17","933","259","4211","437","50","1078","17","44","007","003602"
"Census Tract 108, Providence County, Rhode Island","","1731","206","","106","","110","","31","","73","","112","","0","","1424","166","0","32958","1791","1580","484","678","295","89","34","1580","246","1334","4491","2915","648","71","88","253","3057","849","110","104","5","44","007","010800"
"Census Tract 113.02, Providence County, Rhode Island","","2195","304","","251","","241","","119","","139","","30","","22","","2145","50","0","99009","2253","1492","42","326","681","231","212","1492","1241","251","4151","4060","22","5","0","43","4103","65","5","0","0","44","007","011302"
"Census Tract 117.01, Providence County, Rhode Island","","2212","309","","414","","309","","79","","133","","63","","0","","2079","65","37","65526","2240","1742","145","672","530","243","152","1742","1104","638","4615","4214","4","0","194","73","4287","4","26","241","0","44","007","011701"
"Census Tract 124.01, Providence County, Rhode Island","","3608","583","","543","","311","","339","","210","","15","","142","","3545","0","0","69101","3780","2881","79","1066","1208","428","100","2881","2167","714","7372","6568","71","0","151","278","6824","156","232","178","0","44","007","012401"
"Census Tract 152, Providence County, Rhode Island","","761","82","","92","","48","","0","","48","","17","","0","","716","43","0","13447","761","1901","971","724","184","22","0","1901","151","1750","3177","1133","393","187","50","196","1297","501","187","66","0","44","007","015200"
"Census Tract 153, Providence County, Rhode Island","","1010","198","","115","","87","","37","","59","","17","","5","","953","28","5","39028","1018","892","135","508","173","56","20","892","226","666","2251","1462","370","12","0","55","1487","382","55","0","0","44","007","015300"
"Census Tract 158, Providence County, Rhode Island","","1684","277","","359","","165","","91","","78","","16","","25","","1636","26","0","67528","1733","1315","34","512","538","155","76","1315","917","398","3391","3017","24","0","36","34","3051","24","0","70","0","44","007","015800"
"Census Tract 167, Providence County, Rhode Island","","1932","303","","263","","182","","98","","52","","8","","24","","1733","101","10","47708","1968","1282","228","505","403","127","19","1282","356","926","3725","1853","1101","0","97","52","1905","1112","29","97","0","44","007","016700"
"Census Tract 175, Providence County, Rhode Island","","1468","258","","120","","137","","49","","92","","22","","0","","1375","10","26","43516","1523","1227","110","513","421","153","30","1227","589","638","2759","2052","94","18","281","208","2228","199","50","302","0","44","007","017500"
"Census Tract 29, Providence County, Rhode Island","","3080","250","","536","","145","","44","","137","","24","","83","","2528","201","188","36555","3218","2879","463","1221","985","204","6","2879","1146","1733","7272","3170","2130","0","190","433","3497","2470","0","284","70","44","007","002900"
"Census Tract 11, Providence County, Rhode Island","","1345","199","","131","","125","","151","","153","","45","","11","","948","62","25","55380","1374","1059","220","535","284","20","0","1059","156","903","2282","1591","87","0","140","212","1803","145","37","251","12","44","007","001100"
"Census Tract 131.02, Providence County, Rhode Island","","2663","456","","419","","454","","119","","176","","28","","0","","2478","12","14","90847","2792","1983","29","461","749","428","316","1983","1718","265","5159","5031","2","0","55","37","5068","2","24","68","0","44","007","013102"
"Census Tract 104, Providence County, Rhode Island","71540","2909","487","13775","346","4635","245","4755","81","1410","238","4760","0","-666666666","111","1960","2622","93","137","50507","2979","2809","453","1211","909","195","41","2809","1130","1679","6441","4733","515","0","359","413","4968","740","245","404","0","44","007","010400"
"Census Tract 105.02, Providence County, Rhode Island","66540","2516","565","17525","480","8580","282","6900","212","3175","98","2510","67","2480","0","-666666666","2486","0","21","69231","2549","2156","258","696","931","159","112","2156","1096","1060","5071","3777","382","22","600","210","3931","541","36","600","19","44","007","010502"
"Census Tract 107.01, Providence County, Rhode Island","","1191","244","","103","","99","","125","","86","","25","","0","","1171","0","20","83958","1196","977","27","335","455","126","34","977","784","193","2370","2162","18","0","35","108","2247","65","24","96","0","44","007","010701"
"Census Tract 128.02, Providence County, Rhode Island","","1144","174","","91","","165","","67","","35","","38","","0","","1130","0","14","81034","1203","910","52","244","377","170","67","910","711","199","2305","2200","0","0","69","14","2214","10","0","69","0","44","007","012802"
"Census Tract 132.01, Providence County, Rhode Island","","2473","537","","347","","288","","172","","177","","0","","73","","2375","74","0","101824","2638","1786","82","465","571","340","328","1786","1530","256","4930","4825","0","0","43","62","4871","16","62","43","0","44","007","013201"
"Census Tract 1.01, Providence County, Rhode Island","48635","1961","279","9250","178","3100","156","2970","121","2750","85","1840","163","3260","69","785","1580","161","22","39327","2078","1312","112","733","246","200","21","1312","510","802","5247","3132","867","0","291","227","3283","999","0","362","56","44","007","000101"
"Census Tract 16, Providence County, Rhode Island","","4189","442","","430","","764","","117","","375","","215","","88","","3789","197","72","53048","4263","2403","226","1020","801","288","68","2403","995","1408","8428","3744","771","251","409","310","3902","902","294","545","50","44","007","001600"
"Census Tract 22, Providence County, Rhode Island","","1796","102","","287","","216","","12","","65","","49","","43","","1560","88","35","36786","1881","1416","264","549","563","22","18","1416","292","1124","4606","2721","921","27","191","214","2909","1093","106","203","0","44","007","002200"
"Census Tract 25, Providence County, Rhode Island","","1627","196","","237","","317","","119","","76","","58","","13","","1305","65","74","62237","1739","1342","123","657","510","52","0","1342","306","1036","2924","1955","422","0","194","75","2009","457","23","220","0","44","007","002500"
"Census Tract 31, Providence County, Rhode Island","","1847","113","","289","","230","","258","","276","","79","","18","","1291","142","0","31642","1895","2150","753","998","283","86","30","2150","466","1684","4151","2763","802","36","67","316","3040","846","75","339","0","44","007","003100"
"Census Tract 33, Providence County, Rhode Island","","2208","282","","281","","403","","241","","278","","55","","25","","1761","354","0","89013","2397","1908","102","828","807","154","17","1908","1201","707","4365","3425","302","9","290","259","3684","465","44","363","17","44","007","003300"
"Census Tract 35, Providence County, Rhode Island","","2647","338","","609","","234","","203","","279","","137","","37","","1719","234","0","60734","2778","2236","321","1284","456","136","39","2236","664","1572","4837","3653","128","0","832","179","3768","192","15","980","0","44","007","003500"
"Census Tract 36.01, Providence County, Rhode Island","","1281","47","","121","","176","","196","","125","","164","","59","","501","65","11","49792","1345","768","240","363","116","26","23","768","181","587","2425","1635","84","0","531","116","1741","101","9","599","4","44","007","003601"
"Census Tract 37, Providence County, Rhode Island","","1599","122","","141","","234","","224","","368","","84","","87","","737","226","19","50563","1711","1624","525","761","268","70","0","1624","480","1144","3151","2100","245","17","571","140","2214","321","36","625","0","44","007","003700"
"Census Tract 101.01, Providence County, Rhode Island","","2382","337","","357","","272","","209","","251","","40","","15","","2301","35","46","79457","2479","1654","34","594","698","239","89","1654","1236","418","4180","3920","78","0","0","124","4015","180","20","0","0","44","007","010101"
"Census Tract 5, Providence County, Rhode Island","","1140","202","","93","","285","","15","","85","","0","","96","","963","105","0","25757","1154","1081","297","537","138","109","0","1081","354","727","3283","1318","1218","76","28","67","1364","1264","76","28","0","44","007","000500"
"Census Tract 9, Providence County, Rhode Island","","1247","63","","111","","133","","82","","255","","115","","81","","836","72","0","37500","1290","970","245","448","248","29","0","970","160","810","2889","2251","148","0","188","27","2262","165","7","188","0","44","007","000900"
"Census Tract 21.01, Providence County, Rhode Island","","1389","236","","228","","98","","20","","75","","66","","22","","1296","62","19","64271","1430","923","95","259","437","124","8","923","543","380","2774","1986","341","21","18","55","2008","341","54","31","0","44","007","002101"
"Census Tract 21.02, Providence County, Rhode Island","","2862","464","","211","","448","","95","","113","","69","","88","","2602","203","0","55887","2967","2048","236","906","698","156","52","2048","1024","1024","6150","2848","1375","0","284","284","2980","1480","186","297","0","44","007","002102"
"Census Tract 119.01, Providence County, Rhode Island","","1765","272","","267","","278","","75","","180","","0","","0","","1681","84","0","65250","1812","1242","32","519","452","168","71","1242","783","459","3428","2522","591","0","49","124","2609","666","45","114","6","44","007","011901"
"Census Tract 119.02, Providence County, Rhode Island","","2053","436","","275","","404","","48","","72","","37","","93","","2037","0","0","62414","2089","2248","106","1212","680","162","88","2248","1670","578","4421","3947","98","0","161","65","3947","140","17","184","0","44","007","011902"
"Census Tract 121.03, Providence County, Rhode Island","","1311","293","","165","","197","","122","","96","","27","","4","","1248","11","44","49013","1337","1439","217","820","285","117","0","1439","467","972","2612","1973","116","8","205","119","2092","149","63","259","0","44","007","012103"
"Census Tract 101.02, Providence County, Rhode Island","","1697","299","","349","","221","","134","","73","","61","","10","","1636","30","22","72928","1785","1616","184","620","632","138","42","1616","1105","511","3683","3495","74","0","69","34","3505","74","24","93","0","44","007","010102"
"Census Tract 106, Providence County, Rhode Island","","3135","435","","533","","518","","152","","127","","76","","58","","3081","22","0","53206","3164","2887","324","1269","967","185","142","2887","1886","1001","6220","5638","236","0","0","319","5957","524","31","26","0","44","007","010600"
"Census Tract 112, Providence County, Rhode Island","","3207","615","","212","","217","","83","","18","","33","","24","","3110","87","0","58286","3291","2308","297","885","633","361","132","2308","1175","1133","5686","5199","129","0","76","0","5199","129","0","76","0","44","007","011200"
"Census Tract 116, Providence County, Rhode Island","","3347","740","","602","","614","","275","","179","","42","","63","","3181","34","96","109863","3393","2257","0","615","991","356","295","2257","2027","230","6365","5881","84","0","168","133","6014","86","34","265","0","44","007","011600"
"Census Tract 120, Providence County, Rhode Island","","2577","208","","569","","284","","230","","250","","15","","20","","2308","190","26","67289","2660","2281","312","713","932","260","64","2281","1464","817","6041","5176","423","0","208","185","5294","505","73","238","0","44","007","012000"
"Census Tract 127.02, Providence County, Rhode Island","66555","2310","467","14170","361","7560","200","3655","127","2115","90","1680","66","1415","39","855","2284","17","8","84885","2429","1941","126","590","781","254","190","1941","1610","331","4899","4668","1","0","58","170","4812","47","54","131","0","44","007","012702"
"Census Tract 128.03, Providence County, Rhode Island","72985","2234","327","10500","202","6145","246","7330","125","2800","197","6200","56","460","36","1300","2185","22","27","92052","2367","1801","22","516","867","239","157","1801","1550","251","4529","4302","68","0","59","99","4384","136","31","59","0","44","007","012803"
"Census Tract 134, Providence County, Rhode Island","","2078","268","","406","","431","","235","","278","","97","","0","","1833","146","85","90013","2179","1681","145","473","839","216","8","1681","1085","596","4113","3436","125","0","141","227","3663","219","9","164","0","44","007","013400"
"Census Tract 141, Providence County, Rhode Island","41865","1933","280","7280","198","4075","130","2810","107","1830","142","4740","50","905","104","2220","1800","26","26","38833","1933","1877","342","740","509","259","27","1877","792","1085","4914","3353","630","51","469","137","3464","656","93","501","13","44","007","014100"
"Census Tract 145.02, Providence County, Rhode Island","","2165","232","","540","","402","","80","","178","","15","","40","","2133","0","4","63539","2252","1795","31","731","767","178","88","1795","1070","725","4105","3901","28","0","47","102","4003","63","23","114","0","44","007","014502"
"Census Tract 161, Providence County, Rhode Island","62550","2341","195","3535","266","5015","151","4450","114","2730","129","3465","71","4760","44","1030","2127","98","0","41835","2436","1841","278","921","536","74","32","1841","337","1504","4687","1698","1704","0","99","364","1956","1867","169","116","20","44","007","016100"
"Census Tract 165, Providence County, Rhode Island","","2118","397","","333","","206","","185","","150","","125","","7","","1904","108","10","77639","2186","1725","206","740","690","65","24","1725","1040","685","3804","3190","234","0","205","166","3305","360","27","245","0","44","007","016500"
"Census Tract 173, Providence County, Rhode Island","","1414","191","","174","","153","","46","","56","","0","","12","","1292","65","57","64000","1458","1208","126","446","476","111","49","1208","558","650","3172","2639","329","38","70","45","2684","339","38","95","0","44","007","017300"
"Census Tract 185, Providence County, Rhode Island","34920","1285","235","7270","173","3990","90","3410","0","-666666666","57","860","29","300","0","-666666666","1226","13","0","54583","1307","1055","100","375","475","86","19","1055","659","396","2767","2517","163","0","7","26","2543","176","0","20","0","44","007","018500"
"Census Tract 4, Providence County, Rhode Island","","1648","157","","353","","132","","71","","71","","41","","3","","1485","138","11","29774","1689","1201","260","542","312","44","43","1201","326","875","4229","1603","1056","134","262","70","1673","1112","168","287","0","44","007","000400"
"Census Tract 10, Providence County, Rhode Island","","796","80","","120","","80","","75","","71","","45","","28","","656","60","0","26580","832","1015","372","351","272","20","0","1015","197","818","2100","1415","305","18","77","14","1429","305","18","91","0","44","007","001000"
"Census Tract 24, Providence County, Rhode Island","","3162","572","","495","","493","","201","","229","","156","","20","","2637","202","32","84150","3382","2107","144","817","862","233","51","2107","1479","628","7347","5800","752","8","176","310","6037","878","21","339","5","44","007","002400"
"Census Tract 32, Providence County, Rhode Island","","1692","285","","291","","246","","148","","177","","71","","51","","1374","145","18","91288","1900","1400","77","739","474","93","17","1400","644","756","3382","2747","272","0","153","122","2857","323","0","191","0","44","007","003200"
"Census Tract 136, Providence County, Rhode Island","","1517","213","","145","","138","","67","","126","","34","","0","","1404","83","0","77436","1525","1076","48","415","512","86","15","1076","714","362","2641","1836","442","12","29","182","1988","537","23","73","0","44","007","013600"
"Census Tract 124.02, Providence County, Rhode Island","","1243","118","","158","","116","","32","","104","","17","","29","","1243","0","0","62685","1243","1087","65","452","418","115","37","1087","708","379","2689","2583","0","0","53","53","2636","0","0","106","0","44","007","012402"
"Census Tract 133, Providence County, Rhode Island","","2454","484","","234","","191","","97","","187","","9","","79","","2363","45","8","89844","2647","1647","57","304","716","338","232","1647","1405","242","4713","4436","38","0","31","208","4644","71","113","93","0","44","007","013300"
"Census Tract 148, Providence County, Rhode Island","","3098","548","","449","","495","","231","","297","","18","","16","","2959","41","0","73348","3121","2273","67","940","840","330","96","2273","1512","761","5713","4756","124","0","505","172","4928","187","0","588","17","44","007","014800"
"Census Tract 17, Providence County, Rhode Island","","1659","417","","244","","119","","49","","54","","0","","48","","1624","1","34","48831","1689","1298","135","588","435","115","25","1298","620","678","3758","1793","250","0","194","198","1875","436","14","206","0","44","007","001700"
"Census Tract 18, Providence County, Rhode Island","","2481","491","","290","","472","","0","","227","","14","","0","","2306","95","27","34947","2501","2087","326","1037","590","105","29","2087","762","1325","6613","2497","1870","148","173","293","2634","1950","279","173","115","44","007","001800"
"Census Tract 19, Providence County, Rhode Island","","1559","115","","141","","419","","11","","139","","38","","124","","1383","73","24","30651","1744","1769","517","811","346","59","36","1769","243","1526","4521","2343","783","24","13","330","2565","962","195","46","55","44","007","001900"
"Census Tract 20, Providence County, Rhode Island","60970","2510","404","9570","152","3415","371","8870","103","1995","101","1485","147","1610","137","1900","2150","43","82","29798","2588","2029","375","1042","509","62","41","2029","728","1301","6305","3485","1093","63","152","380","3610","1353","193","283","0","44","007","002000"
"Census Tract 121.04, Providence County, Rhode Island","","2122","408","","264","","240","","38","","85","","11","","18","","2112","0","0","54206","2186","1944","223","623","903","159","36","1944","793","1151","4575","3686","642","0","61","165","3773","729","78","113","11","44","007","012104"
